velocidad_bala,distancia_bala1,bala2_y,distancia_bala2,mov_derecha,accion
-5,695,3,0,0,0
-5,690,6,0,0,0
-5,685,9,0,0,0
-5,680,12,0,0,0
-5,675,15,0,0,0
-5,670,18,0,0,0
-5,665,21,0,0,0
-5,660,24,0,0,0
-5,655,27,0,0,0
-5,650,30,0,0,0
-5,645,33,0,0,0
-5,640,36,0,0,0
-5,635,39,0,0,0
-5,630,42,0,0,0
-5,625,45,0,0,0
-5,620,48,0,0,0
-5,615,51,0,0,0
-5,610,54,0,0,0
-5,605,57,0,0,0
-5,600,60,0,0,0
-5,595,63,0,0,0
-5,590,66,0,0,0
-5,585,69,0,0,0
-5,580,72,0,0,0
-5,575,75,0,0,0
-5,570,78,0,0,0
-5,565,81,0,0,0
-5,560,84,0,0,0
-5,555,87,0,0,0
-5,550,90,0,0,0
-5,545,93,0,0,0
-5,540,96,0,0,0
-5,535,99,0,0,0
-5,530,102,0,0,0
-5,525,105,0,0,0
-5,520,108,0,0,0
-5,515,111,0,0,0
-5,510,114,0,0,0
-5,505,117,0,0,0
-5,500,120,0,0,0
-5,495,123,0,0,0
-5,490,126,0,0,0
-5,485,129,0,0,0
-5,480,132,0,0,0
-5,475,135,0,0,0
-5,470,138,0,0,0
-5,465,141,0,0,0
-5,460,144,0,0,0
-5,455,147,0,0,0
-5,450,150,0,0,0
-5,445,153,0,0,0
-5,440,156,0,0,0
-5,435,159,0,0,0
-5,430,162,0,0,0
-5,425,165,0,0,0
-5,420,168,0,0,0
-5,415,171,0,0,0
-5,410,174,0,0,0
-5,405,177,0,0,0
-5,400,180,0,0,0
-5,395,183,0,0,0
-5,390,186,0,0,0
-5,385,189,0,0,0
-5,380,192,0,0,0
-5,375,195,0,0,0
-5,370,198,0,0,0
-5,365,201,0,0,0
-5,360,204,0,0,0
-5,355,207,0,0,0
-5,350,210,0,0,0
-5,345,213,0,0,0
-5,340,216,0,0,0
-5,335,219,0,0,0
-5,330,222,0,0,0
-5,325,225,0,0,0
-5,320,228,0,0,0
-5,315,231,0,0,0
-5,310,234,0,0,0
-5,305,237,0,0,0
-5,300,240,0,0,0
-5,295,243,0,0,0
-5,290,246,0,0,0
-5,285,249,0,0,0
-5,280,252,0,0,0
-5,275,255,0,0,0
-5,267,258,3,1,2
-5,259,261,6,1,2
-5,251,264,9,1,2
-5,243,267,12,1,2
-5,235,270,15,1,2
-5,227,273,18,1,2
-5,219,276,21,1,2
-5,211,279,24,1,2
-5,203,282,27,1,2
-5,195,285,30,1,2
-5,190,288,30,1,2
-5,185,291,30,1,2
-5,180,294,30,1,2
-5,175,297,30,1,2
-5,170,300,30,1,2
-5,165,303,30,1,2
-5,160,306,30,1,2
-5,155,309,30,1,2
-5,150,312,30,1,2
-5,145,315,30,1,2
-5,140,318,30,1,2
-5,135,321,30,1,2
-5,130,324,30,1,2
-5,125,327,30,1,2
-5,120,330,30,1,2
-5,115,333,30,1,2
-5,110,336,30,1,2
-5,105,339,30,1,2
-5,103,342,27,0,0
-5,101,345,24,0,0
-5,99,348,21,0,0
-5,97,351,18,0,0
-5,95,354,15,0,0
-5,93,357,12,0,0
-5,91,360,9,0,0
-5,89,363,6,0,0
-5,87,366,3,0,0
-5,85,369,0,0,0
-5,80,372,0,0,0
-5,75,375,0,0,0
-5,70,378,0,0,0
-5,65,381,0,0,0
-5,60,384,0,0,0
-5,55,387,0,0,0
-5,50,390,0,0,0
-5,45,393,0,0,0
-5,40,396,0,0,1
-5,35,399,0,0,1
-5,30,0,0,0,1
-5,25,3,0,0,1
-5,20,6,0,0,1
-5,15,9,0,0,1
-5,10,12,0,0,1
-5,5,15,0,0,1
-5,0,18,0,0,1
-5,5,21,0,0,1
-5,10,24,0,0,1
-5,15,27,0,0,1
-5,20,30,0,0,1
-5,25,33,0,0,1
-5,30,36,0,0,1
-5,35,39,0,0,1
-5,40,42,0,0,1
-5,45,45,0,0,1
-5,50,48,0,0,1
-7,700,51,0,0,1
-7,693,54,0,0,1
-7,686,57,0,0,1
-7,679,60,0,0,1
-7,672,63,0,0,1
-7,665,66,0,0,1
-7,658,69,0,0,1
-7,651,72,0,0,1
-7,644,75,0,0,1
-7,637,78,0,0,1
-7,630,81,0,0,1
-7,623,84,0,0,0
-7,616,87,0,0,0
-7,609,90,0,0,0
-7,602,93,0,0,0
-7,595,96,0,0,0
-7,588,99,0,0,0
-7,581,102,0,0,0
-7,574,105,0,0,0
-7,567,108,0,0,0
-7,560,111,0,0,0
-7,553,114,0,0,0
-7,546,117,0,0,0
-7,539,120,0,0,0
-7,532,123,0,0,0
-7,525,126,0,0,0
-7,518,129,0,0,0
-7,511,132,0,0,0
-7,504,135,0,0,0
-7,497,138,0,0,0
-7,490,141,0,0,0
-7,483,144,0,0,0
-7,476,147,0,0,0
-7,469,150,0,0,0
-7,462,153,0,0,0
-7,455,156,0,0,0
-7,448,159,0,0,0
-7,441,162,0,0,0
-7,434,165,0,0,0
-7,427,168,0,0,0
-7,420,171,0,0,0
-7,413,174,0,0,0
-7,406,177,0,0,0
-7,399,180,0,0,0
-7,392,183,0,0,0
-7,385,186,0,0,0
-7,378,189,0,0,0
-7,371,192,0,0,0
-7,364,195,0,0,0
-7,357,198,0,0,0
-7,350,201,0,0,0
-7,343,204,0,0,0
-7,336,207,0,0,0
-7,329,210,0,0,0
-7,322,213,0,0,0
-7,315,216,0,0,0
-7,308,219,0,0,0
-7,301,222,0,0,0
-7,294,225,0,0,0
-7,287,228,0,0,0
-7,280,231,0,0,0
-7,273,234,0,0,0
-7,266,237,0,0,0
-7,259,240,0,0,0
-7,249,243,3,1,2
-7,239,246,6,1,2
-7,229,249,9,1,2
-7,219,252,12,1,2
-7,209,255,15,1,2
-7,199,258,18,1,2
-7,189,261,21,1,2
-7,179,264,24,1,2
-7,169,267,27,1,2
-7,159,270,30,1,2
-7,152,273,30,1,2
-7,145,276,30,1,2
-7,138,279,30,1,2
-7,131,282,30,1,2
-7,124,285,30,1,2
-7,117,288,30,1,2
-7,110,291,30,1,2
-7,103,294,30,1,2
-7,96,297,30,1,2
-7,89,300,30,1,2
-7,82,303,30,1,2
-7,75,306,30,1,3
-7,68,309,30,1,3
-7,61,312,30,1,3
-7,54,315,30,1,3
-7,47,318,30,1,3
-7,40,321,30,1,3
-7,33,324,30,1,3
-7,26,327,30,1,3
-7,19,330,30,1,3
-7,12,333,30,1,3
-7,5,336,30,1,3
-7,2,339,30,1,3
-7,9,342,30,1,3
-7,16,345,30,1,3
-7,23,348,30,1,3
-7,30,351,30,1,3
-7,37,354,30,1,3
-7,44,357,30,1,3
-7,51,360,30,1,3
-7,58,363,30,1,3
-7,65,366,30,1,3
-7,72,369,30,1,3
-7,79,372,30,1,3
-8,670,375,30,1,3
-8,662,378,30,1,3
-8,654,381,30,1,3
-8,646,384,30,1,3
-8,638,387,30,1,3
-8,633,390,27,0,1
-8,628,393,24,0,1
-8,623,396,21,0,0
-8,618,399,18,0,0
-8,613,0,15,0,0
-8,608,3,12,0,0
-8,603,6,9,0,0
-8,598,9,6,0,0
-8,593,12,3,0,0
-8,588,15,0,0,0
-8,580,18,0,0,0
-8,572,21,0,0,0
-8,564,24,0,0,0
-8,556,27,0,0,0
-8,548,30,0,0,0
-8,540,33,0,0,0
-8,532,36,0,0,0
-8,524,39,0,0,0
-8,516,42,0,0,0
-8,508,45,0,0,0
-8,500,48,0,0,0
-8,492,51,0,0,0
-8,484,54,0,0,0
-8,476,57,0,0,0
-8,468,60,0,0,0
-8,460,63,0,0,0
-8,452,66,0,0,0
-8,444,69,0,0,0
-8,436,72,0,0,0
-8,428,75,0,0,0
-8,420,78,0,0,0
-8,412,81,0,0,0
-8,404,84,0,0,0
-8,396,87,0,0,0
-8,388,90,0,0,0
-8,380,93,0,0,0
-8,372,96,0,0,0
-8,364,99,0,0,0
-8,356,102,0,0,0
-8,348,105,0,0,0
-8,340,108,0,0,0
-8,332,111,0,0,0
-8,324,114,0,0,0
-8,316,117,0,0,0
-8,308,120,0,0,0
-8,300,123,0,0,0
-8,292,126,0,0,0
-8,284,129,0,0,0
-8,276,132,0,0,0
-8,268,135,0,0,0
-8,260,138,0,0,0
-8,252,141,0,0,0
-8,244,144,0,0,0
-8,236,147,0,0,0
-8,228,150,0,0,0
-8,220,153,0,0,0
-8,212,156,0,0,0
-8,204,159,0,0,0
-8,196,162,0,0,0
-8,185,165,3,1,2
-8,174,168,6,1,2
-8,163,171,9,1,2
-8,152,174,12,1,2
-8,141,177,15,1,2
-8,130,180,18,1,2
-8,119,183,21,1,2
-8,108,186,24,1,2
-8,97,189,27,1,2
-8,86,192,30,1,2
-8,78,195,30,1,2
-8,70,198,30,1,2
-8,62,201,30,1,3
-8,54,204,30,1,3
-8,46,207,30,1,3
-8,38,210,30,1,3
-8,30,213,30,1,3
-8,22,216,30,1,3
-8,14,219,30,1,3
-8,6,222,30,1,3
-8,2,225,30,1,3
-8,10,228,30,1,3
-8,18,231,30,1,3
-8,26,234,30,1,3
-8,34,237,30,1,3
-8,42,240,30,1,3
-8,50,243,30,1,3
-8,58,246,30,1,3
-8,66,249,30,1,3
-8,74,252,30,1,3
-3,670,255,30,1,3
-3,667,258,30,1,3
-3,664,261,30,1,3
-3,661,264,30,1,3
-3,658,267,30,1,3
-3,655,270,30,1,3
-3,652,273,30,1,3
-3,649,276,30,1,3
-3,646,279,30,1,3
-3,643,282,30,1,3
-3,640,285,30,1,3
-3,637,288,30,1,3
-3,634,291,30,1,2
-3,631,294,30,1,2
-3,628,297,30,1,2
-3,625,300,30,1,2
-3,622,303,30,1,2
-3,619,306,30,1,2
-3,616,309,30,1,2
-3,613,312,30,1,2
-3,610,315,30,1,2
-3,607,318,30,1,2
-3,604,321,30,1,2
-3,601,324,30,1,2
-3,598,327,30,1,2
-3,595,330,30,1,2
-3,592,333,30,1,2
-3,589,336,30,1,2
-3,586,339,30,1,2
-3,583,342,30,1,2
-3,580,345,30,1,2
-3,577,348,30,1,2
-3,577,351,27,0,0
-3,577,354,24,0,0
-3,577,357,21,0,0
-3,577,360,18,0,0
-3,577,363,15,0,0
-3,577,366,12,0,0
-3,577,369,9,0,0
-3,577,372,6,0,0
-3,577,375,3,0,0
-3,577,378,0,0,0
-3,574,381,0,0,0
-3,571,384,0,0,0
-3,568,387,0,0,0
-3,565,390,0,0,0
-3,562,393,0,0,0
-3,559,396,0,0,0
-3,556,399,0,0,0
-3,553,0,0,0,0
-3,550,3,0,0,0
-3,547,6,0,0,0
-3,544,9,0,0,0
-3,541,12,0,0,0
-3,538,15,0,0,0
-3,535,18,0,0,0
-3,532,21,0,0,0
-3,529,24,0,0,0
-3,526,27,0,0,0
-3,523,30,0,0,0
-3,520,33,0,0,0
-3,517,36,0,0,0
-3,514,39,0,0,0
-3,511,42,0,0,0
-3,508,45,0,0,0
-3,505,48,0,0,0
-3,502,51,0,0,0
-3,499,54,0,0,0
-3,496,57,0,0,0
-3,493,60,0,0,0
-3,490,63,0,0,0
-3,487,66,0,0,0
-3,484,69,0,0,0
-3,481,72,0,0,0
-3,478,75,0,0,0
-3,475,78,0,0,0
-3,472,81,0,0,0
-3,469,84,0,0,0
-3,466,87,0,0,0
-3,463,90,0,0,0
-3,460,93,0,0,0
-3,457,96,0,0,0
-3,454,99,0,0,0
-3,451,102,0,0,0
-3,448,105,0,0,0
-3,445,108,0,0,0
-3,442,111,0,0,0
-3,439,114,0,0,0
-3,436,117,0,0,0
-3,433,120,0,0,0
-3,430,123,0,0,0
-3,427,126,0,0,0
-3,424,129,0,0,0
-3,421,132,0,0,0
-3,418,135,0,0,0
-3,415,138,0,0,0
-3,412,141,0,0,0
-3,409,144,0,0,0
-3,406,147,0,0,0
-3,403,150,0,0,0
-3,400,153,0,0,0
-3,397,156,0,0,0
-3,394,159,0,0,0
-3,391,162,0,0,0
-3,388,165,0,0,0
-3,385,168,0,0,0
-3,382,171,0,0,0
-3,379,174,0,0,0
-3,376,177,0,0,0
-3,373,180,0,0,0
-3,370,183,0,0,0
-3,367,186,0,0,0
-3,364,189,0,0,0
-3,361,192,0,0,0
-3,358,195,0,0,0
-3,355,198,0,0,0
-3,352,201,0,0,0
-3,349,204,0,0,0
-3,346,207,0,0,0
-3,343,210,0,0,0
-3,340,213,0,0,0
-3,337,216,0,0,0
-3,334,219,0,0,0
-3,331,222,0,0,0
-3,328,225,0,0,0
-3,325,228,0,0,0
-3,322,231,0,0,0
-3,319,234,0,0,0
-3,316,237,0,0,0
-3,313,240,0,0,0
-3,310,243,0,0,0
-3,307,246,0,0,0
-3,304,249,0,0,0
-3,301,252,0,0,0
-3,298,255,0,0,0
-3,295,258,0,0,0
-3,289,261,3,1,2
-3,283,264,6,1,2
-3,277,267,9,1,2
-3,271,270,12,1,2
-3,265,273,15,1,2
-3,259,276,18,1,2
-3,253,279,21,1,2
-3,247,282,24,1,2
-3,241,285,27,1,2
-3,235,288,30,1,2
-3,232,291,30,1,2
-3,229,294,30,1,2
-3,226,297,30,1,2
-3,223,300,30,1,2
-3,220,303,30,1,2
-3,217,306,30,1,2
-3,214,309,30,1,2
-3,211,312,30,1,2
-3,208,315,30,1,2
-3,205,318,30,1,2
-3,202,321,30,1,2
-3,199,324,30,1,2
-3,196,327,30,1,2
-3,193,330,30,1,2
-3,190,333,30,1,2
-3,187,336,30,1,2
-3,184,339,30,1,2
-3,181,342,30,1,2
-3,178,345,30,1,2
-3,175,348,30,1,2
-3,172,351,30,1,2
-3,169,354,30,1,2
-3,166,357,30,1,2
-3,163,360,30,1,2
-3,163,363,27,0,0
-3,163,366,24,0,0
-3,163,369,21,0,0
-3,163,372,18,0,0
-3,163,375,15,0,0
-3,163,378,12,0,0
-3,163,381,9,0,0
-3,163,384,6,0,0
-3,163,387,3,0,0
-3,163,390,0,0,0
-3,160,393,0,0,0
-3,157,396,0,0,0
-3,154,399,0,0,0
-3,151,0,0,0,0
-3,148,3,0,0,0
-3,145,6,0,0,0
-3,142,9,0,0,0
-3,139,12,0,0,0
-3,136,15,0,0,0
-3,133,18,0,0,0
-3,130,21,0,0,0
-3,127,24,0,0,0
-3,124,27,0,0,0
-3,121,30,0,0,0
-3,118,33,0,0,0
-3,115,36,0,0,0
-3,112,39,0,0,0
-3,109,42,0,0,0
-3,106,45,0,0,0
-3,103,48,0,0,0
-3,100,51,0,0,0
-3,97,54,0,0,0
-3,94,57,0,0,0
-3,91,60,0,0,0
-3,88,63,0,0,0
-3,85,66,0,0,0
-3,82,69,0,0,0
-3,79,72,0,0,0
-3,76,75,0,0,0
-3,73,78,0,0,0
-3,70,81,0,0,0
-3,67,84,0,0,0
-3,64,87,0,0,1
-3,61,90,0,0,1
-3,58,93,0,0,1
-3,55,96,0,0,1
-3,52,99,0,0,1
-3,49,102,0,0,1
-3,46,105,0,0,1
-3,43,108,0,0,1
-3,40,111,0,0,1
-3,37,114,0,0,1
-3,34,117,0,0,1
-3,31,120,0,0,1
-3,28,123,0,0,1
-3,25,126,0,0,1
-3,22,129,0,0,1
-3,19,132,0,0,1
-3,16,135,0,0,1
-3,13,138,0,0,1
-3,10,141,0,0,1
-3,7,144,0,0,1
-3,4,147,0,0,1
-3,1,150,0,0,1
-3,2,153,0,0,1
-3,5,156,0,0,1
-3,8,159,0,0,1
-3,11,162,0,0,1
-3,14,165,0,0,1
-3,17,168,0,0,1
-3,20,171,0,0,1
-3,23,174,0,0,1
-3,26,177,0,0,0
-3,29,180,0,0,0
-3,32,183,0,0,0
-3,35,186,0,0,0
-3,38,189,0,0,0
-3,41,192,0,0,0
-3,44,195,0,0,0
-3,47,198,0,0,0
-3,50,201,0,0,0
-7,700,204,0,0,0
-7,693,207,0,0,0
-7,686,210,0,0,0
-7,679,213,0,0,0
-7,672,216,0,0,0
-7,665,219,0,0,0
-7,658,222,0,0,0
-7,651,225,0,0,0
-7,644,228,0,0,0
-7,637,231,0,0,0
-7,630,234,0,0,0
-7,623,237,0,0,0
-7,616,240,0,0,0
-7,609,243,0,0,0
-7,602,246,0,0,0
-7,595,249,0,0,0
-7,585,252,3,1,2
-7,575,255,6,1,2
-7,565,258,9,1,2
-7,555,261,12,1,2
-7,545,264,15,1,2
-7,535,267,18,1,2
-7,525,270,21,1,2
-7,515,273,24,1,2
-7,505,276,27,1,2
-7,495,279,30,1,2
-7,488,282,30,1,2
-7,481,285,30,1,2
-7,474,288,30,1,2
-7,467,291,30,1,2
-7,460,294,30,1,2
-7,453,297,30,1,2
-7,446,300,30,1,2
-7,439,303,30,1,2
-7,432,306,30,1,2
-7,425,309,30,1,2
-7,418,312,30,1,2
-7,411,315,30,1,2
-7,404,318,30,1,2
-7,397,321,30,1,2
-7,390,324,30,1,2
-7,383,327,30,1,2
-7,376,330,30,1,2
-7,369,333,30,1,2
-7,362,336,30,1,2
-7,355,339,30,1,2
-7,348,342,30,1,2
-7,341,345,30,1,2
-7,334,348,30,1,2
-7,327,351,30,1,2
-7,323,354,27,0,0
-7,319,357,24,0,0
-7,315,360,21,0,0
-7,311,363,18,0,0
-7,307,366,15,0,0
-7,303,369,12,0,0
-7,299,372,9,0,0
-7,295,375,6,0,0
-7,291,378,3,0,0
-7,287,381,0,0,0
-7,280,384,0,0,0
-7,273,387,0,0,0
-7,266,390,0,0,0
-7,259,393,0,0,0
-7,252,396,0,0,0
-7,245,399,0,0,0
-7,238,0,0,0,0
-7,231,3,0,0,0
-7,224,6,0,0,0
-7,217,9,0,0,0
-7,210,12,0,0,0
-7,203,15,0,0,0
-7,196,18,0,0,0
-7,189,21,0,0,0
-7,182,24,0,0,0
-7,175,27,0,0,0
-7,168,30,0,0,0
-7,161,33,0,0,0
-7,154,36,0,0,0
-7,147,39,0,0,0
-7,140,42,0,0,0
-7,133,45,0,0,0
-7,126,48,0,0,0
-7,119,51,0,0,1
-7,112,54,0,0,1
-7,105,57,0,0,1
-7,98,60,0,0,1
-7,91,63,0,0,1
-7,84,66,0,0,1
-7,77,69,0,0,1
-7,70,72,0,0,1
-7,63,75,0,0,1
-7,56,78,0,0,1
-7,49,81,0,0,1
-7,42,84,0,0,1
-7,35,87,0,0,1
-7,28,90,0,0,1
-7,21,93,0,0,1
-7,14,96,0,0,1
-7,7,99,0,0,1
-7,0,102,0,0,1
-7,7,105,0,0,1
-7,14,108,0,0,1
-7,21,111,0,0,1
-7,28,114,0,0,1
-7,35,117,0,0,1
-7,42,120,0,0,1
-7,49,123,0,0,1
-7,700,126,0,0,1
-7,693,129,0,0,1
-7,686,132,0,0,1
-7,679,135,0,0,1
-7,672,138,0,0,1
-7,665,141,0,0,0
-7,658,144,0,0,0
-7,651,147,0,0,0
-7,644,150,0,0,0
-7,637,153,0,0,0
-7,630,156,0,0,0
-7,623,159,0,0,0
-7,616,162,0,0,0
-7,609,165,0,0,0
-7,602,168,0,0,0
-7,595,171,0,0,0
-7,588,174,0,0,0
-7,581,177,0,0,0
-7,574,180,0,0,0
-7,567,183,0,0,0
-7,560,186,0,0,0
-7,553,189,0,0,0
-7,546,192,0,0,0
-7,539,195,0,0,0
-7,532,198,0,0,0
-7,525,201,0,0,0
-7,518,204,0,0,0
-7,511,207,0,0,0
-7,504,210,0,0,0
-7,497,213,0,0,0
-7,490,216,0,0,0
-7,483,219,0,0,0
-7,476,222,0,0,0
-7,469,225,0,0,0
-7,462,228,0,0,0
-7,455,231,0,0,0
-7,448,234,0,0,0
-7,441,237,0,0,0
-7,434,240,0,0,0
-7,427,243,0,0,0
-7,417,246,3,1,2
-7,407,249,6,1,2
-7,397,252,9,1,2
-7,387,255,12,1,2
-7,377,258,15,1,2
-7,367,261,18,1,2
-7,357,264,21,1,2
-7,347,267,24,1,2
-7,337,270,27,1,2
-7,327,273,30,1,2
-7,320,276,30,1,2
-7,313,279,30,1,2
-7,306,282,30,1,2
-7,299,285,30,1,2
-7,292,288,30,1,2
-7,285,291,30,1,2
-7,278,294,30,1,2
-7,271,297,30,1,2
-7,264,300,30,1,2
-7,257,303,30,1,2
-7,250,306,30,1,2
-7,243,309,30,1,2
-7,236,312,30,1,2
-7,229,315,30,1,2
-7,222,318,30,1,2
-7,215,321,30,1,2
-7,208,324,30,1,2
-7,201,327,30,1,2
-7,194,330,30,1,2
-7,187,333,30,1,2
-7,180,336,30,1,2
-7,173,339,30,1,2
-7,169,342,27,0,0
-7,165,345,24,0,0
-7,161,348,21,0,0
-7,157,351,18,0,0
-7,153,354,15,0,0
-7,149,357,12,0,0
-7,145,360,9,0,0
-7,141,363,6,0,0
-7,137,366,3,0,0
-7,133,369,0,0,0
-7,126,372,0,0,0
-7,119,375,0,0,0
-7,112,378,0,0,0
-7,105,381,0,0,0
-7,98,384,0,0,0
-7,91,387,0,0,0
-7,84,390,0,0,0
-7,77,393,0,0,0
-7,70,396,0,0,1
-7,63,399,0,0,1
-7,56,0,0,0,1
-7,49,3,0,0,1
-7,42,6,0,0,1
-7,35,9,0,0,1
-7,28,12,0,0,1
-7,21,15,0,0,1
-7,14,18,0,0,1
-7,7,21,0,0,1
-7,0,24,0,0,1
-7,7,27,0,0,1
-7,14,30,0,0,1
-7,21,33,0,0,1
-7,28,36,0,0,1
-7,35,39,0,0,1
-7,42,42,0,0,1
-7,49,45,0,0,1
-3,700,48,0,0,1
-3,697,51,0,0,1
-3,694,54,0,0,1
-3,691,57,0,0,1
-3,688,60,0,0,1
-3,685,63,0,0,1
-3,682,66,0,0,1
-3,679,69,0,0,1
-3,676,72,0,0,1
-3,673,75,0,0,1
-3,670,78,0,0,1
-3,667,81,0,0,1
-3,664,84,0,0,0
-3,661,87,0,0,0
-3,658,90,0,0,0
-3,655,93,0,0,0
-3,652,96,0,0,0
-3,649,99,0,0,0
-3,646,102,0,0,0
-3,643,105,0,0,0
-3,640,108,0,0,0
-3,637,111,0,0,0
-3,634,114,0,0,0
-3,631,117,0,0,0
-3,628,120,0,0,0
-3,625,123,0,0,0
-3,622,126,0,0,0
-3,619,129,0,0,0
-3,616,132,0,0,0
-3,613,135,0,0,0
-3,610,138,0,0,0
-3,607,141,0,0,0
-3,604,144,0,0,0
-3,601,147,0,0,0
-3,598,150,0,0,0
-3,595,153,0,0,0
-3,592,156,0,0,0
-3,589,159,0,0,0
-3,586,162,0,0,0
-3,583,165,0,0,0
-3,580,168,0,0,0
-3,577,171,0,0,0
-3,574,174,0,0,0
-3,571,177,0,0,0
-3,568,180,0,0,0
-3,565,183,0,0,0
-3,562,186,0,0,0
-3,559,189,0,0,0
-3,556,192,0,0,0
-3,553,195,0,0,0
-3,550,198,0,0,0
-3,547,201,0,0,0
-3,544,204,0,0,0
-3,541,207,0,0,0
-3,538,210,0,0,0
-3,535,213,0,0,0
-3,532,216,0,0,0
-3,529,219,0,0,0
-3,526,222,0,0,0
-3,523,225,0,0,0
-3,520,228,0,0,0
-3,517,231,0,0,0
-3,514,234,0,0,0
-3,511,237,0,0,0
-3,508,240,0,0,0
-3,505,243,0,0,0
-3,502,246,0,0,0
-3,499,249,0,0,0
-3,493,252,3,1,2
-3,487,255,6,1,2
-3,481,258,9,1,2
-3,475,261,12,1,2
-3,469,264,15,1,2
-3,463,267,18,1,2
-3,457,270,21,1,2
-3,451,273,24,1,2
-3,445,276,27,1,2
-3,439,279,30,1,2
-3,436,282,30,1,2
-3,433,285,30,1,2
-3,430,288,30,1,2
-3,427,291,30,1,2
-3,424,294,30,1,2
-3,421,297,30,1,2
-3,418,300,30,1,2
-3,415,303,30,1,2
-3,412,306,30,1,2
-3,409,309,30,1,2
-3,406,312,30,1,2
-3,403,315,30,1,2
-3,400,318,30,1,2
-3,397,321,30,1,2
-3,394,324,30,1,2
-3,391,327,30,1,2
-3,388,330,30,1,2
-3,385,333,30,1,2
-3,382,336,30,1,2
-3,379,339,30,1,2
-3,376,342,30,1,2
-3,373,345,30,1,2
-3,370,348,30,1,2
-3,367,351,30,1,2
-3,367,354,27,0,0
-3,367,357,24,0,0
-3,367,360,21,0,0
-3,367,363,18,0,0
-3,367,366,15,0,0
-3,367,369,12,0,0
-3,367,372,9,0,0
-3,367,375,6,0,0
-3,367,378,3,0,0
-3,367,381,0,0,0
-3,364,384,0,0,0
-3,361,387,0,0,0
-3,358,390,0,0,0
-3,355,393,0,0,0
-3,352,396,0,0,0
-3,349,399,0,0,0
-3,346,0,0,0,0
-3,343,3,0,0,0
-3,340,6,0,0,0
-3,337,9,0,0,0
-3,334,12,0,0,0
-3,331,15,0,0,0
-3,328,18,0,0,0
-3,325,21,0,0,0
-3,322,24,0,0,0
-3,319,27,0,0,0
-3,316,30,0,0,0
-3,313,33,0,0,0
-3,310,36,0,0,0
-3,307,39,0,0,0
-3,304,42,0,0,0
-3,301,45,0,0,0
-3,298,48,0,0,0
-3,295,51,0,0,0
-3,292,54,0,0,0
-3,289,57,0,0,0
-3,286,60,0,0,0
-3,283,63,0,0,0
-3,280,66,0,0,0
-3,277,69,0,0,0
-3,274,72,0,0,0
-3,271,75,0,0,0
-3,268,78,0,0,0
-3,265,81,0,0,0
-3,262,84,0,0,0
-3,259,87,0,0,0
-3,256,90,0,0,0
-3,253,93,0,0,0
-3,250,96,0,0,0
-3,247,99,0,0,0
-3,244,102,0,0,0
-3,241,105,0,0,0
-3,238,108,0,0,0
-3,235,111,0,0,0
-3,232,114,0,0,0
-3,229,117,0,0,0
-3,226,120,0,0,0
-3,223,123,0,0,0
-3,220,126,0,0,0
-3,217,129,0,0,0
-3,214,132,0,0,0
-3,211,135,0,0,0
-3,208,138,0,0,0
-3,205,141,0,0,0
-3,202,144,0,0,0
-3,199,147,0,0,0
-3,196,150,0,0,0
-3,193,153,0,0,0
-3,190,156,0,0,0
-3,187,159,0,0,0
-3,184,162,0,0,0
-3,181,165,0,0,0
-3,178,168,0,0,0
-3,175,171,0,0,0
-3,172,174,0,0,0
-3,169,177,0,0,0
-3,166,180,0,0,0
-3,163,183,0,0,0
-3,160,186,0,0,0
-3,157,189,0,0,0
-3,154,192,0,0,0
-3,151,195,0,0,0
-3,148,198,0,0,0
-3,145,201,0,0,0
-3,142,204,0,0,0
-3,139,207,0,0,0
-3,136,210,0,0,0
-3,133,213,0,0,0
-3,130,216,0,0,0
-3,124,219,3,1,2
-3,118,222,6,1,2
-3,112,225,9,1,2
-3,106,228,12,1,2
-3,100,231,15,1,2
-3,94,234,18,1,2
-3,88,237,21,1,2
-3,82,240,24,1,2
-3,76,243,27,1,2
-3,70,246,30,1,2
-3,67,249,30,1,2
-3,64,252,30,1,2
-3,61,255,30,1,2
-3,58,258,30,1,2
-3,55,261,30,1,3
-3,52,264,30,1,3
-3,49,267,30,1,3
-3,46,270,30,1,3
-3,43,273,30,1,3
-3,40,276,30,1,3
-3,37,279,30,1,3
-3,34,282,30,1,3
-3,31,285,30,1,3
-3,28,288,30,1,3
-3,25,291,30,1,3
-3,22,294,30,1,3
-3,19,297,30,1,3
-3,16,300,30,1,3
-3,13,303,30,1,3
-3,10,306,30,1,3
-3,7,309,30,1,3
-3,4,312,30,1,3
-3,1,315,30,1,3
-3,2,318,30,1,3
-3,5,321,30,1,3
-3,8,324,30,1,3
-3,11,327,30,1,3
-3,14,330,30,1,3
-3,17,333,30,1,3
-3,20,336,30,1,3
-3,23,339,30,1,3
-3,26,342,30,1,3
-3,29,345,30,1,3
-3,32,348,30,1,3
-3,35,351,30,1,2
-3,35,354,27,0,0
-3,35,357,24,0,0
-3,35,360,21,0,0
-3,35,363,18,0,0
-3,35,366,15,0,0
-3,35,369,12,0,0
-3,35,372,9,0,0
-3,35,375,6,0,0
-3,35,378,3,0,0
-3,35,381,0,0,0
-3,38,384,0,0,0
-3,41,387,0,0,0
-3,44,390,0,0,0
-3,47,393,0,0,0
-3,50,396,0,0,0
-8,700,399,0,0,0
-8,692,0,0,0,0
-8,684,3,0,0,0
-8,676,6,0,0,0
-8,668,9,0,0,0
-8,660,12,0,0,0
-8,652,15,0,0,0
-8,644,18,0,0,0
-8,636,21,0,0,0
-8,628,24,0,0,0
-8,620,27,0,0,0
-8,612,30,0,0,0
-8,604,33,0,0,0
-8,596,36,0,0,0
-8,588,39,0,0,0
-8,580,42,0,0,0
-8,572,45,0,0,0
-8,564,48,0,0,0
-8,556,51,0,0,0
-8,548,54,0,0,0
-8,540,57,0,0,0
-8,532,60,0,0,0
-8,524,63,0,0,0
-8,516,66,0,0,0
-8,508,69,0,0,0
-8,500,72,0,0,0
-8,492,75,0,0,0
-8,484,78,0,0,0
-8,476,81,0,0,0
-8,468,84,0,0,0
-8,460,87,0,0,0
-8,452,90,0,0,0
-8,444,93,0,0,0
-8,436,96,0,0,0
-8,428,99,0,0,0
-8,420,102,0,0,0
-8,412,105,0,0,0
-8,404,108,0,0,0
-8,396,111,0,0,0
-8,388,114,0,0,0
-8,380,117,0,0,0
-8,372,120,0,0,0
-8,364,123,0,0,0
-8,356,126,0,0,0
-8,348,129,0,0,0
-8,340,132,0,0,0
-8,332,135,0,0,0
-8,324,138,0,0,0
-8,316,141,0,0,0
-8,308,144,0,0,0
-8,300,147,0,0,0
-8,292,150,0,0,0
-8,284,153,0,0,0
-8,276,156,0,0,0
-8,268,159,0,0,0
-8,260,162,0,0,0
-8,252,165,0,0,0
-8,244,168,0,0,0
-8,236,171,0,0,0
-8,228,174,0,0,0
-8,220,177,0,0,0
-8,212,180,0,0,0
-8,204,183,0,0,0
-8,196,186,0,0,0
-8,188,189,0,0,0
-8,180,192,0,0,0
-8,172,195,0,0,0
-8,161,198,3,1,2
-8,150,201,6,1,2
-8,139,204,9,1,2
-8,128,207,12,1,2
-8,117,210,15,1,2
-8,106,213,18,1,2
-8,95,216,21,1,2
-8,84,219,24,1,2
-8,79,222,21,0,0
-8,74,225,18,0,0
-8,69,228,15,0,0
-8,64,231,12,0,0
-8,59,234,9,0,0
-8,54,237,6,0,0
-8,49,240,3,0,0
-8,44,243,0,0,0
-8,36,246,0,0,0
